param,value,bleu,loss
num_layers,2,15.945234022300165,2.78973160471235
num_layers,4,19.752909301112684,2.3724835089274814
num_layers,6,20.85414495527183,2.2374295932906016
