param,value,bleu,loss
d_model,128,15.378204959312306,2.8866940225873674
d_model,256,19.752909301112684,2.3724835089274814
d_model,512,20.977833638255333,2.1644796899386813
