param,value,bleu,loss
batch_size,32,20.888794658342572,2.2835862083094463
batch_size,64,19.752909301112684,2.3724835089274814
